url,performance,accessibility,best_practices,seo,pagespeed_link
Desktop - https://autowayaustin.com/,98.0,97.0,100.0,100.0,https://developers.google.com/speed/pagespeed/insights/?url=https://autowayaustin.com/&tab=desktop
Mobile - https://autowayaustin.com/,78.0,97.0,96.0,100.0,https://developers.google.com/speed/pagespeed/insights/?url=https://autowayaustin.com/&tab=mobile
Desktop - https://creditcarsorlando.com/,77.0,100.0,100.0,100.0,https://developers.google.com/speed/pagespeed/insights/?url=https://creditcarsorlando.com/&tab=desktop
Mobile - https://creditcarsorlando.com/,42.0,100.0,100.0,100.0,https://developers.google.com/speed/pagespeed/insights/?url=https://creditcarsorlando.com/&tab=mobile
Desktop - https://eastonmotors.com/,95.0,93.0,96.0,100.0,https://developers.google.com/speed/pagespeed/insights/?url=https://eastonmotors.com/&tab=desktop
Mobile - https://eastonmotors.com/,71.0,93.0,100.0,100.0,https://developers.google.com/speed/pagespeed/insights/?url=https://eastonmotors.com/&tab=mobile
Desktop - https://expressauto.com/,81.0,100.0,100.0,100.0,https://developers.google.com/speed/pagespeed/insights/?url=https://expressauto.com/&tab=desktop
Mobile - https://expressauto.com/,42.0,100.0,100.0,100.0,https://developers.google.com/speed/pagespeed/insights/?url=https://expressauto.com/&tab=mobile
Desktop - https://finesseacar.com/,97.0,92.0,100.0,92.0,https://developers.google.com/speed/pagespeed/insights/?url=https://finesseacar.com/&tab=desktop
Mobile - https://finesseacar.com/,74.0,92.0,100.0,92.0,https://developers.google.com/speed/pagespeed/insights/?url=https://finesseacar.com/&tab=mobile
Desktop - https://gilbertmotorcompany.com/,89.0,96.0,100.0,100.0,https://developers.google.com/speed/pagespeed/insights/?url=https://gilbertmotorcompany.com/&tab=desktop
Mobile - https://gilbertmotorcompany.com/,47.0,96.0,100.0,100.0,https://developers.google.com/speed/pagespeed/insights/?url=https://gilbertmotorcompany.com/&tab=mobile
Desktop - https://gobgautos.com/,98.0,97.0,100.0,100.0,https://developers.google.com/speed/pagespeed/insights/?url=https://gobgautos.com/&tab=desktop
Mobile - https://gobgautos.com/,79.0,97.0,100.0,100.0,https://developers.google.com/speed/pagespeed/insights/?url=https://gobgautos.com/&tab=mobile
Desktop - https://lofimotors.com/,92.0,81.0,78.0,92.0,https://developers.google.com/speed/pagespeed/insights/?url=https://lofimotors.com/&tab=desktop
Mobile - https://lofimotors.com/,37.0,80.0,79.0,92.0,https://developers.google.com/speed/pagespeed/insights/?url=https://lofimotors.com/&tab=mobile
Desktop - https://midatlanticautofinance.com/,96.0,100.0,100.0,100.0,https://developers.google.com/speed/pagespeed/insights/?url=https://midatlanticautofinance.com/&tab=desktop
Mobile - https://midatlanticautofinance.com/,89.0,100.0,96.0,100.0,https://developers.google.com/speed/pagespeed/insights/?url=https://midatlanticautofinance.com/&tab=mobile
Desktop - https://neighborhoodautos.com/,96.0,97.0,100.0,92.0,https://developers.google.com/speed/pagespeed/insights/?url=https://neighborhoodautos.com/&tab=desktop
Mobile - https://neighborhoodautos.com/,74.0,97.0,100.0,92.0,https://developers.google.com/speed/pagespeed/insights/?url=https://neighborhoodautos.com/&tab=mobile
Desktop - https://neo-motors.com/,98.0,93.0,100.0,92.0,https://developers.google.com/speed/pagespeed/insights/?url=https://neo-motors.com/&tab=desktop
Mobile - https://neo-motors.com/,72.0,93.0,96.0,92.0,https://developers.google.com/speed/pagespeed/insights/?url=https://neo-motors.com/&tab=mobile
Desktop - https://paradisemotors.net/,94.0,94.0,100.0,92.0,https://developers.google.com/speed/pagespeed/insights/?url=https://paradisemotors.net/&tab=desktop
Mobile - https://paradisemotors.net/,67.0,94.0,96.0,92.0,https://developers.google.com/speed/pagespeed/insights/?url=https://paradisemotors.net/&tab=mobile
Desktop - https://regalcars.com/,95.0,93.0,100.0,92.0,https://developers.google.com/speed/pagespeed/insights/?url=https://regalcars.com/&tab=desktop
Mobile - https://regalcars.com/,43.0,93.0,100.0,92.0,https://developers.google.com/speed/pagespeed/insights/?url=https://regalcars.com/&tab=mobile
Desktop - https://rockysautocredit.com/,60.0,97.0,100.0,100.0,https://developers.google.com/speed/pagespeed/insights/?url=https://rockysautocredit.com/&tab=desktop
Mobile - https://rockysautocredit.com/,48.0,97.0,100.0,100.0,https://developers.google.com/speed/pagespeed/insights/?url=https://rockysautocredit.com/&tab=mobile
Desktop - https://saberacceptance.com/,99.0,95.0,100.0,100.0,https://developers.google.com/speed/pagespeed/insights/?url=https://saberacceptance.com/&tab=desktop
Mobile - https://saberacceptance.com/,60.0,95.0,100.0,100.0,https://developers.google.com/speed/pagespeed/insights/?url=https://saberacceptance.com/&tab=mobile
Desktop - https://solutionsautogroup.com/,88.0,96.0,100.0,100.0,https://developers.google.com/speed/pagespeed/insights/?url=https://solutionsautogroup.com/&tab=desktop
Mobile - https://solutionsautogroup.com/,76.0,97.0,100.0,100.0,https://developers.google.com/speed/pagespeed/insights/?url=https://solutionsautogroup.com/&tab=mobile
Desktop - https://square1autosales.com/,82.0,96.0,100.0,100.0,https://developers.google.com/speed/pagespeed/insights/?url=https://square1autosales.com/&tab=desktop
Mobile - https://square1autosales.com/,44.0,96.0,100.0,100.0,https://developers.google.com/speed/pagespeed/insights/?url=https://square1autosales.com/&tab=mobile
Desktop - https://sullivanmotorsnj.com/,96.0,97.0,100.0,92.0,https://developers.google.com/speed/pagespeed/insights/?url=https://sullivanmotorsnj.com/&tab=desktop
Mobile - https://sullivanmotorsnj.com/,66.0,97.0,100.0,92.0,https://developers.google.com/speed/pagespeed/insights/?url=https://sullivanmotorsnj.com/&tab=mobile
Desktop - https://superiorcarsonline.com/,98.0,93.0,100.0,100.0,https://developers.google.com/speed/pagespeed/insights/?url=https://superiorcarsonline.com/&tab=desktop
Mobile - https://superiorcarsonline.com/,75.0,92.0,100.0,100.0,https://developers.google.com/speed/pagespeed/insights/?url=https://superiorcarsonline.com/&tab=mobile
Desktop - https://topnotchusedcars.com/,99.0,97.0,100.0,100.0,https://developers.google.com/speed/pagespeed/insights/?url=https://topnotchusedcars.com/&tab=desktop
Mobile - https://topnotchusedcars.com/,83.0,97.0,100.0,100.0,https://developers.google.com/speed/pagespeed/insights/?url=https://topnotchusedcars.com/&tab=mobile
Desktop - https://vamosauto.us/,95.0,91.0,100.0,92.0,https://developers.google.com/speed/pagespeed/insights/?url=https://vamosauto.us/&tab=desktop
Mobile - https://vamosauto.us/,76.0,94.0,100.0,92.0,https://developers.google.com/speed/pagespeed/insights/?url=https://vamosauto.us/&tab=mobile
Desktop - https://25wautos.com/,94.0,86.0,100.0,92.0,https://developers.google.com/speed/pagespeed/insights/?url=https://25wautos.com/&tab=desktop
Mobile - https://25wautos.com/,82.0,86.0,100.0,92.0,https://developers.google.com/speed/pagespeed/insights/?url=https://25wautos.com/&tab=mobile
Desktop - https://865autos.com/,95.0,89.0,100.0,92.0,https://developers.google.com/speed/pagespeed/insights/?url=https://865autos.com/&tab=desktop
Mobile - https://865autos.com/,78.0,89.0,100.0,92.0,https://developers.google.com/speed/pagespeed/insights/?url=https://865autos.com/&tab=mobile